{
    "rmse": 0.7263563619073983,
    "mae": 0.5742854068788215,
    "r2": 0.22548678040080194
}